season,ndcg,average_ndcg
1989,0.7227265726449517,0.7680192636708755
1996,0.7227265726449517,0.7680192636708755
2001,0.5531464700081437,0.7680192636708755
2003,0.7860137352654724,0.7680192636708755
2006,0.7227265726449517,0.7680192636708755
2012,0.8687949224876581,0.7680192636708755
2022,0.9999999999999999,0.7680192636708755
