season,ndcg
1989,0.7227265726449517
1996,0.8304198973631918
2001,0.6843515475204854
2003,0.7860137352654724
2005,0.3391602052736161
2011,0.69921481985085
2021,0.6843515475204854
