season,ndcg,average_ndcg
1989,0.7227265726449517,0.6780340464912932
1996,0.8304198973631918,0.6780340464912932
2001,0.6843515475204854,0.6780340464912932
2003,0.7860137352654724,0.6780340464912932
2005,0.3391602052736161,0.6780340464912932
2011,0.69921481985085,0.6780340464912932
2021,0.6843515475204854,0.6780340464912932
