season,ndcg
1989,0.7227265726449517
1996,0.7227265726449517
2001,0.5531464700081437
2003,0.7860137352654724
2006,0.7227265726449517
2012,0.8687949224876581
2022,0.9999999999999999
