season,ndcg
1989,0.4852285551163225
1996,0.69921481985085
2001,0.4703652827859579
2003,0.8687949224876581
2006,0.7227265726449517
2012,0.7227265726449517
2022,0.8687949224876581
