season,ndcg,average_ndcg
1989,0.4852285551163225,0.6911216640026214
1996,0.69921481985085,0.6911216640026214
2001,0.4703652827859579,0.6911216640026214
2003,0.8687949224876581,0.6911216640026214
2006,0.7227265726449517,0.6911216640026214
2012,0.7227265726449517,0.6911216640026214
2022,0.8687949224876581,0.6911216640026214
