season,ndcg
1989,0.4852285551163225
1996,0.69921481985085
2001,0.34519134224686926
2003,0.8687949224876581
2005,0.2772734273550482
2011,0.6843515475204854
2021,0.69921481985085
