season,ndcg,average_ndcg
1989,0.4852285551163225,0.5798956334897262
1996,0.69921481985085,0.5798956334897262
2001,0.34519134224686926,0.5798956334897262
2003,0.8687949224876581,0.5798956334897262
2005,0.2772734273550482,0.5798956334897262
2011,0.6843515475204854,0.5798956334897262
2021,0.69921481985085,0.5798956334897262
