season,ndcg
1989,0.4852285551163225
1996,0.6992148198508501
2001,0.34519134224686937
2003,0.8687949224876582
2005,0.2772734273550482
2011,0.6843515475204855
2021,0.6992148198508501
