Model,Accuracy Score,Possible Score,Accuracy,NDCG@5
Linear Regression,19.799999999999997,35,0.5657142857142856,0.6911216640026214
Random Forest,24.200000000000003,35,0.6914285714285715,0.80639425608392
Gradient Boosting,24.2,35,0.6914285714285714,0.7680192636708755
