Model,Accuracy Score,Possible Score,Accuracy,NDCG@5
Linear Regression,17.599999999999998,35,0.5028571428571428,0.5798956334897263
Random Forest,21.599999999999998,35,0.6171428571428571,0.662649285817259
Gradient Boosting,20.999999999999996,35,0.5999999999999999,0.6780340464912934
