season,ndcg,average_ndcg
1989,0.7227265726449517,0.681392868319022
1996,0.8304198973631918,0.681392868319022
2001,0.6843515475204854,0.681392868319022
2003,0.7860137352654724,0.681392868319022
2005,0.3391602052736161,0.681392868319022
2011,0.6843515475204854,0.681392868319022
2021,0.7227265726449517,0.681392868319022
