season,ndcg
1989,0.7227265726449517
1996,0.8304198973631918
2001,0.69921481985085
2003,0.7860137352654724
2006,0.8687949224876581
2012,0.8687949224876581
2022,0.8687949224876581
