season,ndcg,average_ndcg
1989,0.7227265726449517,0.80639425608392
1996,0.8304198973631918,0.80639425608392
2001,0.69921481985085,0.80639425608392
2003,0.7860137352654724,0.80639425608392
2006,0.8687949224876581,0.80639425608392
2012,0.8687949224876581,0.80639425608392
2022,0.8687949224876581,0.80639425608392
