season,ndcg
1989,0.7227265726449519
1996,0.830419897363192
2001,0.5531464700081437
2003,0.7860137352654724
2005,0.3391602052736161
2011,0.6843515475204855
2021,0.7227265726449519
