season,num_players,num_vote_getters,mse,mae,r2
1982,76.0,25.0,0.005826224935077985,0.035623292014591,0.5618858715909288
1988,82.0,17.0,0.009700641039385421,0.04040780897747453,0.4648874672083225
2006,93.0,11.0,0.019436427389768845,0.060239984686015755,-0.4579992782418978
2007,99.0,15.0,0.015450426768020041,0.05167340823022103,0.024338275121472575
2010,108.0,15.0,0.007826206715310327,0.041852567573940305,0.4536782099067145
2011,100.0,13.0,0.00943831831817571,0.04360316119171679,0.3766363153889233
2021,64.0,10.0,0.0041106463760452756,0.031038579802960153,0.7814636109431861
