season,num_players,num_vote_getters,mse,mae,r2
2015,89.0,12.0,0.008211436750328198,0.02347826838610547,0.5374375768470354
2016,97.0,10.0,0.003581921158395808,0.015016219863802503,0.7766570083963811
2017,91.0,11.0,0.005108836751975747,0.020671927402880822,0.7126504030338586
2018,88.0,12.0,0.00421779200540619,0.019548398990268733,0.7712806882703797
2019,84.0,11.0,0.005803197607045181,0.020861164282031712,0.6922256635306602
2020,70.0,11.0,0.010117176902352237,0.02658563514181546,0.545330550918717
2021,64.0,10.0,0.003737336148960167,0.01760532488126773,0.8013100928737593
2022,89.0,9.0,0.0049701297381840644,0.017749971747482093,0.7257089951201945
