season,num_players,num_vote_getters,mse,mae,r2
1982,76.0,25.0,0.00556435295001287,0.02676904440636894,0.5815778364172097
1988,82.0,17.0,0.006208972610630561,0.019618104040032117,0.6574969585804642
2006,93.0,11.0,0.016484367398962654,0.03951135752013614,-0.23655419218725338
2007,99.0,15.0,0.009297307162698444,0.024187713331364172,0.41289474528564774
2010,108.0,15.0,0.0037177752852589623,0.017782490180477638,0.740474316243931
2011,100.0,13.0,0.008297449853391876,0.024076670088078823,0.4519861760197834
2021,64.0,10.0,0.0039219430296598525,0.018303589389426632,0.7914957431553667
