season,num_players,num_vote_getters,mse,mae,r2
2015,89.0,12.0,0.008360208152849047,0.02370168062985948,0.529057062871432
2016,97.0,10.0,0.0031541631272187535,0.014306881055312673,0.803328940619575
2017,91.0,11.0,0.005557701764112541,0.022568848665926483,0.687403720356079
2018,88.0,12.0,0.004672268059343491,0.01981023249123245,0.7466356962648711
2019,84.0,11.0,0.0060925127861154145,0.02095122936385728,0.6768817456946126
2020,70.0,11.0,0.009321577286243844,0.026015911686207566,0.5810850744025535
2021,64.0,10.0,0.004332267504713189,0.018843011992983518,0.769681453888758
2022,89.0,9.0,0.004822845333610663,0.0170599705840597,0.7338373115750327
