season,num_players,num_vote_getters,mse,mae,r2
1982,76.0,25.0,0.005104956343388259,0.024307335174005285,0.6161230429871878
1988,82.0,17.0,0.007468250815801311,0.019160861439821195,0.5880319049698453
2005,103.0,16.0,0.023939847474057554,0.04206066849683095,-0.658144010752111
2006,93.0,11.0,0.01572514522479405,0.03703038668432223,-0.17960209086920176
2009,106.0,12.0,0.00693522123816068,0.016609435677668954,0.547274307380641
2010,108.0,15.0,0.003639913734041968,0.014821346342839579,0.7459095754426297
2021,64.0,10.0,0.0022234934352747893,0.013853177282959223,0.8817912848772056
