season,num_players,num_vote_getters,mse,mae,r2
1982,76.0,25.0,0.006615443319425709,0.026884719228715093,0.5025390855612386
1988,82.0,17.0,0.005846469748257134,0.017199676545927436,0.677493557160012
2006,93.0,11.0,0.012218762975908338,0.03256674970229787,0.08342478570620426
2007,99.0,15.0,0.007109051219581153,0.016981900828918726,0.5510784731524155
2010,108.0,15.0,0.0031686867502135397,0.014035124371759593,0.7788043837080154
2011,100.0,13.0,0.008720222812280683,0.023951171279922127,0.4240636901994712
2021,64.0,10.0,0.0033569095619239778,0.014770886459387837,0.8215349054766085
