season,ndcg,average_ndcg
1982,0.5531464700081437,0.7918710864060649
1988,0.8687949224876582,0.7918710864060649
2006,0.7227265726449519,0.7918710864060649
2007,0.8687949224876582,0.7918710864060649
2010,0.8687949224876582,0.7918710864060649
2011,0.830419897363192,0.7918710864060649
2021,0.830419897363192,0.7918710864060649
