season,ndcg,average_ndcg
2015,0.6608397947263839,0.8332067752363824
2016,1.0,0.8332067752363824
2017,0.8687949224876582,0.8332067752363824
2018,0.8687949224876582,0.8332067752363824
2019,0.8687949224876582,0.8332067752363824
2020,0.830419897363192,0.8332067752363824
2021,0.6992148198508501,0.8332067752363824
2022,0.8687949224876582,0.8332067752363824
