season,ndcg,average_ndcg
2015,0.7860137352654724,0.8287370650321346
2016,1.0,0.8287370650321346
2017,0.8539316501572937,0.8287370650321346
2018,0.8687949224876582,0.8287370650321346
2019,0.8687949224876582,0.8287370650321346
2020,0.830419897363192,0.8287370650321346
2021,0.5531464700081437,0.8287370650321346
2022,0.8687949224876582,0.8287370650321346
