season,ndcg
2015,0.7860137352654724
2016,1.0
2017,0.8539316501572937
2018,0.8687949224876582
2019,0.8687949224876582
2020,0.830419897363192
2021,0.5531464700081437
2022,0.8687949224876582
