season,ndcg
2015,0.6608397947263839
2016,1.0
2017,0.8687949224876582
2018,0.8687949224876582
2019,0.8687949224876582
2020,0.830419897363192
2021,0.6992148198508501
2022,0.8687949224876582
