season,ndcg,average_ndcg
1982,0.7227265726449519,0.7237882185985526
1988,0.8687949224876582,0.7237882185985526
2005,0.34519134224686937,0.7237882185985526
2006,0.7227265726449519,0.7237882185985526
2009,0.8539316501572937,0.7237882185985526
2010,0.8539316501572937,0.7237882185985526
2021,0.6992148198508501,0.7237882185985526
