season,ndcg,average_ndcg
1982,0.6843515475204855,0.8051325224614756
1988,0.8687949224876582,0.8051325224614756
2006,0.6843515475204855,0.8051325224614756
2007,0.8687949224876582,0.8051325224614756
2010,0.8687949224876582,0.8051325224614756
2011,0.830419897363192,0.8051325224614756
2021,0.830419897363192,0.8051325224614756
