season,ndcg
1982,0.6843515475204855
1988,0.8687949224876582
2006,0.6843515475204855
2007,0.8687949224876582
2010,0.8687949224876582
2011,0.830419897363192
2021,0.830419897363192
