season,ndcg
1982,0.5531464700081437
1988,0.8687949224876582
2006,0.7227265726449519
2007,0.8687949224876582
2010,0.8687949224876582
2011,0.830419897363192
2021,0.830419897363192
