season,ndcg
1982,0.7227265726449519
1988,0.8687949224876582
2005,0.34519134224686937
2006,0.7227265726449519
2009,0.8539316501572937
2010,0.8539316501572937
2021,0.6992148198508501
