season,ndcg
1982,0.6992148198508501
1988,0.8687949224876582
2006,0.6992148198508501
2007,0.8687949224876582
2010,0.8687949224876582
2011,0.7860137352654724
2021,0.830419897363192
