season,score,accuracy
1989,3.0000000000000004,0.6000000000000001
1996,4.0,0.8
2001,1.6,0.32
2003,3.6000000000000005,0.7200000000000001
2005,1.6,0.32
2011,3.0000000000000004,0.6000000000000001
2021,3.0000000000000004,0.6000000000000001
