season,score,accuracy
1982,3.0000000000000004,0.6000000000000001
1988,3.5999999999999996,0.72
2005,2.2,0.44000000000000006
2006,2.4,0.48
2009,3.6,0.72
2010,3.8000000000000003,0.76
2021,3.2,0.64
