season,num_players,exact_matches,off_by_one,off_by_two,off_by_more,accuracy,flexible_accuracy,award_share_mse,rank_mse
2015,7.0,1.0,1.0,3.0,2.0,0.14285714285714285,0.42857142857142855,0.13413345869588306,4.428571428571429
2016,7.0,3.0,1.0,1.0,2.0,0.42857142857142855,0.6571428571428571,0.1163126779016038,3.2857142857142856
2017,8.0,2.0,4.0,1.0,1.0,0.25,0.75,0.08482139455062886,2.125
2018,7.0,4.0,1.0,2.0,0.0,0.5714285714285714,0.8285714285714285,0.12534806145191962,1.2857142857142858
2019,7.0,3.0,2.0,1.0,1.0,0.42857142857142855,0.7714285714285714,0.07028639522988653,2.142857142857143
2020,7.0,1.0,3.0,1.0,2.0,0.14285714285714285,0.5142857142857143,0.14668049182127213,3.5714285714285716
2021,7.0,1.0,5.0,1.0,0.0,0.14285714285714285,0.8285714285714285,0.05167238563170628,1.2857142857142858
2022,7.0,2.0,3.0,2.0,0.0,0.2857142857142857,0.7714285714285715,0.07822372542940259,1.5714285714285714
