season,num_players,num_vote_getters,mse,mae,r2
1982,76.0,25.0,0.004638303061744961,0.026259505900162225,0.6512139291157801
1988,82.0,17.0,0.006851241476372355,0.023941741268536668,0.6220677412653471
2006,93.0,11.0,0.010276092672110647,0.03531991861195814,0.22915176752231492
2007,99.0,15.0,0.009309282214921008,0.02749082631132368,0.4121385461021301
2010,108.0,15.0,0.005632406113088447,0.024458787045303593,0.6068202256637134
2011,100.0,13.0,0.007081280298444651,0.027449917174093428,0.5323093765441591
2021,64.0,10.0,0.003916717268186246,0.02268094776384532,0.7917735629768842
