season,ndcg,average_ndcg
1982,0.7227265726449519,0.7680192636708758
1988,0.8687949224876582,0.7680192636708758
2006,0.7227265726449519,0.7680192636708758
2007,0.8687949224876582,0.7680192636708758
2010,0.8539316501572937,0.7680192636708758
2011,0.6548086577531307,0.7680192636708758
2021,0.6843515475204855,0.7680192636708758
