season,num_players,num_vote_getters,mse,mae,r2
1989,100.0,18.0,0.005189269643510966,0.01807191943945247,0.611601952078096
1996,108.0,14.0,0.0018064726556360755,0.0145810971297992,0.8583941249219871
2001,89.0,17.0,0.014166692798828331,0.028867159980294307,0.14625741202416187
2003,94.0,12.0,0.005227379215395608,0.01976698815561286,0.6586251058484736
2005,103.0,16.0,0.01590843200814081,0.032129809222968514,-0.1018646331536126
2011,100.0,13.0,0.010353699697853012,0.023577185020033503,0.31617898703614267
2021,64.0,10.0,0.005374270773143061,0.021798367286026403,0.7142849028754985
