season,num_vote_getters,exact_matches,off_by_one,off_by_two,off_by_more,accuracy,flexible_accuracy,award_share_mse,rank_mse
1989,18.0,0.0,5.0,1.0,12.0,0.0,0.7666666666666668,0.03605845579131469,5400.777777777777
1996,14.0,3.0,2.0,1.0,8.0,0.21428571428571427,0.7857142857142858,0.012989282346427341,4433.071428571428
2001,17.0,0.0,2.0,2.0,13.0,0.0,0.5882352941176472,0.07999299402362975,5245.823529411765
2003,12.0,2.0,1.0,2.0,7.0,0.16666666666666666,0.6,0.059753650841727034,3683.9166666666665
2005,16.0,1.0,3.0,0.0,12.0,0.0625,0.5750000000000001,0.09615151177377951,5058.0625
2011,13.0,1.0,1.0,5.0,6.0,0.07692307692307693,0.676923076923077,0.08894848601441693,4079.769230769231
2021,10.0,1.0,4.0,2.0,3.0,0.1,0.78,0.03905272645676548,2652.0
