Model,Score,Possible,Accuracy
Linear Regression,25.200000000000003,40,0.6300000000000001
Random Forest,26.200000000000003,40,0.655
Gradient Boosting,27.6,40,0.6900000000000001
